{
    "format_version": "1.21.0",
    "minecraft:geometry": [
      {
        "description": {
          "identifier": "geometry.slab",
          "texture_width": 16,
          "texture_height": 16,
          "visible_bounds_width": 2,
          "visible_bounds_height": 2.5,
          "visible_bounds_offset": [0, 0.75, 0]
        },
        "bones": [
          {
            "name": "top_slab",
            "pivot": [0, 0, 0],
            "cubes": [
              {
                "origin": [-8, 12, -8],
                "size": [16, 4, 16],
                "uv": {
                  "north": {"uv": [0, 0], "uv_size": [16, 4]},
                  "east": {"uv": [0, 0], "uv_size": [16, 4]},
                  "south": {"uv": [0, 0], "uv_size": [16, 4]},
                  "west": {"uv": [0, 0], "uv_size": [16, 4]},
                  "up": {"uv": [16, 16], "uv_size": [-16, -16]}
                }
              },
              {
                "origin": [-8, 8, -8],
                "size": [16, 4, 16],
                "uv": {
                  "north": {"uv": [0, 12], "uv_size": [16, 4]},
                  "east": {"uv": [0, 12], "uv_size": [16, 4]},
                  "south": {"uv": [0, 12], "uv_size": [16, 4]},
                  "west": {"uv": [0, 12], "uv_size": [16, 4]},
                  "down": {"uv": [16, 16], "uv_size": [-16, -16]}
                }
              }
            ]
          },
          {
            "name": "bottom_slab",
            "pivot": [0, 0, 0],
            "cubes": [
              {
                "origin": [-8, 4, -8],
                "size": [16, 4, 16],
                "uv": {
                  "north": {"uv": [0, 0], "uv_size": [16, 4]},
                  "east": {"uv": [0, 0], "uv_size": [16, 4]},
                  "south": {"uv": [0, 0], "uv_size": [16, 4]},
                  "west": {"uv": [0, 0], "uv_size": [16, 4]},
                  "up": {"uv": [16, 16], "uv_size": [-16, -16]}
                }
              },
              {
                "origin": [-8, 0, -8],
                "size": [16, 4, 16],
                "uv": {
                  "north": {"uv": [0, 12], "uv_size": [16, 4]},
                  "east": {"uv": [0, 12], "uv_size": [16, 4]},
                  "south": {"uv": [0, 12], "uv_size": [16, 4]},
                  "west": {"uv": [0, 12], "uv_size": [16, 4]},
                  "down": {"uv": [16, 16], "uv_size": [-16, -16]}
                }
              }
            ]
          }
        ],
           "item_display_transforms": {
          "gui" : {
               "translation": [0, 0, 0],
               "rotation": [30, 45, 0],
               "scale": [0.625, 0.625, 0.625],
                "rotation_pivot": [0, 0, 0],
               "scale_pivot": [0, 0, 0],
               "fit_to_frame": false
          },
          "firstperson_righthand": {
                "translation": [0, 1.6, 0],
                "rotation": [0, 45, 0],
                "scale": [0.4, 0.4, 0.4]
  },
  "thirdperson_righthand": {
    "translation": [0.5, 2.7, 1.9],
    "rotation": [70, 44.3, 0], 
    "scale": [0.375, 0.375, 0.375],
    "rotation_pivot" : [0, 0, 0],
    "scale_pivot" : [0, 0, 0]
  }
     }
      }
    ]
  }
          