{
	"format_version": "1.12.0",
	"minecraft:geometry": [
		{
			"description": {
				"identifier": "geometry.space_kitty_flag",
				"texture_width": 64,
				"texture_height": 64,
				"visible_bounds_width": 2,
				"visible_bounds_height": 2.5,
				"visible_bounds_offset": [0, 0.75, 0]
			},
			"bones": [
				{
					"name": "pole",
					"pivot": [0, 2, 0],
					"rotation": [0, 180, 0],
					"cubes": [
						{"origin": [-1, 0, -1], "size": [2, 19, 2], "uv": [56, 0]},
						{"origin": [-2, 19, -2], "size": [4, 1, 4], "uv": [0, 44]},
						{"origin": [-1.5, 20, -1.5], "size": [3, 3, 3], "uv": [0, 50]},
						{"origin": [-22, 18, -1], "size": [21, 1, 2], "uv": [2, 36]},
						{"origin": [-22, 16, -1], "size": [21, 2, 1], "uv": [-2, 40]},
						{"origin": [-22, 1, -0.5], "size": [21, 16, 1], "uv": [0, 0]},
						{"origin": [-22, 1, 0.56], "size": [21, 16, 0.01], "uv": [0, 19]},
						{"origin": [-22, 1, -0.7], "size": [21, 16, 0.01], "uv": [0, 19]}
					]
				}
			]
		}
	]
}