{
	"format_version": "1.8.0",
	"animations": {
		"animation.fullairlock1.idle": {
			"loop": true,
			"bones": {
				"door": {
					"position": [0, 0, 0]
				}
			}
		},
		"animation.fullairlock1.open": {
			"loop": "hold_on_last_frame",
			"animation_length": 0.75,
			"bones": {
				"door": {
					"position": {
						"0.0": [0, 0, 0],
						"0.25": [0, 2, 0],
						"0.625": [0, 36, 0],
						"0.75": [0, 40, 0]
					}
				}
			}
		},
		"animation.fullairlock1.openidle": {
			"loop": "hold_on_last_frame",
			"bones": {
				"door": {
					"position": [0, 40, 0]
				}
			}
		},
		"animation.fullairlock1.close": {
			"loop": "hold_on_last_frame",
			"animation_length": 0.5833,
			"bones": {
				"door": {
					"position": {
						"0.0": [0, 40, 0],
						"0.25": [0, 39, 0],
						"0.4583": [0, 1, 0],
						"0.5833": [0, 0, 0]
					}
				}
			}
		}
	}
}