{
	"format_version": "1.12.0",
	"minecraft:geometry": [
		{
			"description": {
				"identifier": "geometry.rat_plush_helmet",
				"texture_width": 64,
				"texture_height": 64,
				"visible_bounds_width": 3,
				"visible_bounds_height": 4.5,
				"visible_bounds_offset": [0, 1.75, 0]
			},
			"bones": [
				{
					"name": "Head",
					"pivot": [0, 33.5, 0],
					"cubes": [
						{"origin": [-5, 33.5, -7], "size": [10, 8, 14], "uv": [0, 0]},
						{"origin": [-1, 33.5, 7], "size": [2, 2, 8], "uv": [26, 22]},
						{"origin": [-3, 33.5, -14], "size": [6, 5, 7], "uv": [0, 22]},
						{"origin": [-4, 37.5, -9.2], "size": [8, 6, 1], "uv": [39, 58]},
						{"origin": [-5, 33.5, -15], "size": [10, 5, 1], "uv": [-3, 58]},
						{"origin": [-6, 36.5, -9], "size": [4, 5, 1], "uv": [0, 41]},
						{"origin": [-9, 33.5, -7], "size": [4, 3, 3], "uv": [16, 38]},
						{"origin": [-10, 33.5, 2], "size": [5, 3, 3], "uv": [26, 32]},
						{"origin": [5, 33.5, 2], "size": [5, 3, 3], "uv": [0, 35]},
						{"origin": [5, 33.5, -7], "size": [4, 3, 3], "uv": [30, 38]},
						{"origin": [2, 36.5, -9], "size": [4, 5, 1], "uv": [42, 32]}
					]
				}
			]
		}
	]
}