{
	"format_version": "1.12.0",
	"minecraft:geometry": [
		{
			"description": {
				"identifier": "geometry.rocket",
				"texture_width": 256,
				"texture_height": 256,
				"visible_bounds_width": 4,
				"visible_bounds_height": 8.5,
				"visible_bounds_offset": [0, 3.75, 0]
			},
			"bones": [
				{
					"name": "body",
					"pivot": [0, 24.18988, 0],
					"cubes": [
						{"origin": [-13, 20, -13], "size": [26, 58, 26], "uv": [0, 0]},
						{"origin": [-8, 57, -15], "size": [16, 16, 2], "uv": [5, 188]},
						{"origin": [-11, 78, -11], "size": [22, 22, 22], "uv": [104, 0]},
						{"origin": [-9, 100, -9], "size": [18, 9, 18], "uv": [104, 80]},
						{"origin": [-7, 108.2, -8], "size": [14, 1, 7], "uv": [56, 199]},
						{"origin": [-5, 7, -24], "size": [10, 23, 11], "pivot": [0, 15, 0], "rotation": [0, 45, 0], "uv": [0, 127]},
						{"origin": [-5, 7, -24], "size": [10, 23, 11], "pivot": [0, 15, 0], "rotation": [0, -45, 0], "uv": [0, 127], "mirror": true},
						{"origin": [8.08148, 7, 7.58148], "size": [10, 23, 11], "pivot": [13.08148, 18.5, 13.08148], "rotation": [180, -45, -180], "uv": [0, 127], "mirror": true},
						{"origin": [-18.08148, 7, 7.58148], "size": [10, 23, 11], "pivot": [-13.08148, 18.5, 13.08148], "rotation": [180, 45, 180], "uv": [0, 127]},
						{"origin": [-16.21513, 23.99852, -16.71513], "size": [10, 16, 11], "inflate": -0.02, "pivot": [-11.21513, 29.99852, -11.21513], "rotation": [-47.5, 45, 0], "uv": [0, 161]},
						{"origin": [6.21513, 23.99852, -16.71513], "size": [10, 16, 11], "inflate": -0.02, "pivot": [11.21513, 29.99852, -11.21513], "rotation": [-47.5, -45, 0], "uv": [0, 161], "mirror": true},
						{"origin": [6.21513, 23.99852, 5.71513], "size": [10, 16, 11], "inflate": -0.02, "pivot": [11.21513, 29.99852, 11.21513], "rotation": [132.5, -45, 180], "uv": [0, 161], "mirror": true},
						{"origin": [-16.21513, 23.99852, 5.71513], "size": [10, 16, 11], "inflate": -0.02, "pivot": [-11.21513, 29.99852, 11.21513], "rotation": [132.5, 45, -180], "uv": [0, 161]},
						{"origin": [-13, 23, -13], "size": [26, 17, 26], "pivot": [0, 17, 0], "rotation": [0, -45, 0], "uv": [0, 84]}
					]
				},
				{
					"name": "thruster",
					"parent": "body",
					"pivot": [0, 20, 0],
					"cubes": [
						{"origin": [-8, 16, -8], "size": [16, 4, 16], "uv": [104, 107]},
						{"origin": [-10, 0, -10], "size": [20, 16, 20], "uv": [104, 44]}
					]
				}
			]
		}
	]
}