{
	"format_version": "1.12.0",
	"minecraft:geometry": [
		{
			"description": {
				"identifier": "geometry.spacestation",
				"texture_width": 256,
				"texture_height": 256,
				"visible_bounds_width": 7,
				"visible_bounds_height": 4,
				"visible_bounds_offset": [0, 1, 0]
			},
			"bones": [
				{
					"name": "body",
					"pivot": [0, 0, -8],
					"cubes": [
						{"origin": [-6, 2, -16], "size": [12, 12, 55], "uv": [0, 0]},
						{"origin": [6, 4, -16], "size": [1, 8, 55], "uv": [126, 67]},
						{"origin": [5.49634, 19.76946, 21], "size": [13, 0, 10], "pivot": [11.49634, 13.76946, 26], "rotation": [0, 0, -47.5], "uv": [102, 193]},
						{"origin": [5.49634, 14.76946, 21], "size": [13, 0, 10], "pivot": [11.49634, 13.76946, 26], "rotation": [0, 0, -35], "uv": [148, 193]},
						{"origin": [-7, 4, -16], "size": [1, 8, 55], "uv": [126, 130]},
						{"origin": [-18, 5, 23], "size": [12, 6, 6], "uv": [118, 203]},
						{"origin": [-44, 3, 21], "size": [30, 10, 10], "uv": [134, 0]},
						{"origin": [-46, 4, 22], "size": [2, 8, 8], "uv": [218, 204]},
						{"origin": [-48, 6, 24], "size": [2, 4, 4], "uv": [0, 229]},
						{"origin": [-24, 5, 33], "size": [6, 6, 10], "uv": [154, 203]},
						{"origin": [-40, 5, 33], "size": [6, 6, 10], "uv": [186, 204]},
						{"origin": [-40, 5, 9], "size": [6, 6, 10], "uv": [0, 206]},
						{"origin": [-40, 5, 6], "size": [6, 2, 3], "uv": [160, 61]},
						{"origin": [-28, 3, 12], "size": [10, 2, 9], "uv": [194, 193]},
						{"origin": [-44, 13, 23], "size": [30, 2, 6], "uv": [134, 20]},
						{"origin": [-48, 15, 23], "size": [12, 0, 6], "pivot": [-36, 15, 26], "rotation": [0, 0, 30], "uv": [79, 73]},
						{"origin": [-31, 15, 23], "size": [6, 0, 6], "pivot": [-25, 15, 26], "rotation": [0, 0, 30], "uv": [85, 73]},
						{"origin": [-26, 16, 24], "size": [4, 3, 4], "uv": [150, 83]},
						{"origin": [-24, 15, 25], "size": [2, 1, 2], "uv": [154, 85]},
						{"origin": [-25, 0, 25], "size": [4, 1, 2], "uv": [152, 87]},
						{"origin": [-25, -2, 25], "size": [4, 1, 2], "uv": [152, 87]},
						{"origin": [-25, -7, 25], "size": [1, 8, 2], "inflate": -0.01, "uv": [129, 88]},
						{"origin": [-22, -7, 25], "size": [1, 8, 2], "inflate": -0.01, "uv": [128, 88]},
						{"origin": [-36, 15, 25], "size": [2, 3, 2], "uv": [112, 188]},
						{"origin": [-38, 18, 23], "size": [6, 1, 6], "pivot": [-35, 18.5, 26], "rotation": [31.76017, 29.8742, 51.17995], "uv": [0, 222]},
						{"origin": [-34, 19, 25.5], "size": [1, 4, 1], "pivot": [-35, 18.5, 26], "rotation": [31.76017, 29.8742, 51.17995], "uv": [78, 198]},
						{"origin": [-44, 5, 31], "size": [30, 6, 2], "uv": [0, 179]},
						{"origin": [-44, 5, 19], "size": [30, 6, 2], "uv": [184, 36]},
						{"origin": [-44, 1, 23], "size": [30, 2, 6], "uv": [134, 28]},
						{"origin": [-22, 6, -2], "size": [15, 3, 5], "uv": [38, 198]},
						{"origin": [7, 6, -2], "size": [15, 3, 5], "uv": [78, 203]},
						{"origin": [-8, 0, -8], "size": [16, 16, 3], "uv": [64, 179]},
						{"origin": [-8, 0, 34], "size": [16, 16, 3], "uv": [184, 44]},
						{"origin": [8, 3, 34], "size": [2, 10, 3], "uv": [136, 224]},
						{"origin": [-10, 3, 34], "size": [2, 10, 3], "uv": [24, 225]},
						{"origin": [-10, 3, 15], "size": [2, 10, 3], "uv": [34, 225]},
						{"origin": [8, 3, 15], "size": [2, 10, 3], "uv": [146, 224]},
						{"origin": [-5, 16, 34], "size": [10, 2, 3], "uv": [32, 220]},
						{"origin": [-5, 16, 15], "size": [10, 2, 3], "uv": [162, 220]},
						{"origin": [-5, -2, 15], "size": [10, 2, 3], "uv": [188, 220]},
						{"origin": [-5, -2, 34], "size": [10, 2, 3], "uv": [214, 220]},
						{"origin": [-8, 0, 15], "size": [16, 16, 3], "uv": [0, 187]},
						{"origin": [-10, 2, -8], "size": [2, 12, 3], "uv": [88, 224]},
						{"origin": [8, 2, -8], "size": [2, 12, 3], "uv": [98, 224]},
						{"origin": [-5, 16, -8], "size": [10, 2, 3], "uv": [134, 61]},
						{"origin": [-5, -2, -8], "size": [10, 2, 3], "uv": [136, 219]},
						{"origin": [-10, -2, 5], "size": [20, 20, 5], "pivot": [0, 8, 6.5], "rotation": [0, 0, 45], "uv": [134, 36]},
						{"origin": [-1, 18, 6], "size": [2, 9, 3], "pivot": [0, 8, 6.5], "rotation": [0, 0, 45], "uv": [56, 225]},
						{"origin": [-5, 18, 6], "size": [2, 9, 3], "pivot": [0, 8, 6.5], "rotation": [0, 0, 45], "uv": [166, 225]},
						{"origin": [-1, 18, 6], "size": [2, 9, 3], "pivot": [0, 8, 6.5], "rotation": [0, 0, -45], "uv": [66, 225]},
						{"origin": [3, 18, 6], "size": [2, 9, 3], "pivot": [0, 8, 6.5], "rotation": [0, 0, -45], "uv": [156, 225]},
						{"origin": [-2, -11, 6], "size": [2, 9, 3], "pivot": [0, 8, 6.5], "rotation": [0, 0, 45], "uv": [76, 225]},
						{"origin": [2, -11, 6], "size": [2, 9, 3], "pivot": [0, 8, 6.5], "rotation": [0, 0, 45], "uv": [176, 225]},
						{"origin": [-4, 14, -16], "size": [8, 1, 55], "uv": [0, 67]},
						{"origin": [-2, 18, 4], "size": [4, 9, 7], "uv": [214, 0]},
						{"origin": [-2, -11, 4], "size": [4, 9, 7], "uv": [114, 215]},
						{"origin": [10, 7, 4], "size": [5, 2, 7], "uv": [102, 179]},
						{"origin": [-15, 7, 4], "size": [5, 2, 7], "uv": [38, 187]},
						{"origin": [-2, 11, 8], "size": [4, 8, 2], "inflate": -0.02, "pivot": [0, 22.5, 7.5], "rotation": [-50, 0, 0], "uv": [44, 225]},
						{"origin": [-2, 11, 32], "size": [4, 8, 2], "inflate": -0.02, "pivot": [0, 22.5, 31.5], "rotation": [-50, 0, 0], "uv": [206, 225]},
						{"origin": [-4, 1, -16], "size": [8, 1, 55], "uv": [0, 123]},
						{"origin": [-5, 3, -20], "size": [10, 10, 4], "uv": [206, 20]},
						{"origin": [-5, 3, 39], "size": [10, 10, 4], "uv": [32, 206]},
						{"origin": [-3, 5, -23], "size": [6, 6, 3], "uv": [222, 44]},
						{"origin": [-3, 5, 43], "size": [6, 6, 3], "uv": [222, 53]},
						{"origin": [-1, 7, -34], "size": [2, 2, 11], "uv": [88, 211]},
						{"origin": [-3, 5, -28], "size": [6, 6, 1], "pivot": [0, 8, -27.5], "rotation": [0, 0, 45], "uv": [218, 225]},
						{"origin": [-6, 7, -28], "size": [3, 2, 1], "pivot": [0, 8, -27.5], "rotation": [0, 0, 45], "uv": [178, 63]},
						{"origin": [3, 7, -28], "size": [3, 2, 1], "pivot": [0, 8, -27.5], "rotation": [0, 0, 45], "uv": [186, 63]},
						{"origin": [-1, 2, -28], "size": [2, 3, 1], "pivot": [0, 8, -27.5], "rotation": [0, 0, 45], "uv": [120, 188]},
						{"origin": [-1, 11, -28], "size": [2, 3, 1], "pivot": [0, 8, -27.5], "rotation": [0, 0, 45], "uv": [194, 63]},
						{"origin": [-2, 6, -32], "size": [4, 4, 1], "pivot": [0, 8, -31.5], "rotation": [0, 0, 45], "uv": [102, 188]},
						{"origin": [-4, 7, -32], "size": [2, 1, 1], "pivot": [0, 8, -31.5], "rotation": [0, 0, 45], "uv": [178, 61]},
						{"origin": [2, 8, -32], "size": [2, 1, 1], "pivot": [0, 8, -31.5], "rotation": [0, 0, 45], "uv": [38, 196]},
						{"origin": [0, 10, -32], "size": [1, 2, 1], "pivot": [0, 8, -31.5], "rotation": [0, 0, 45], "uv": [82, 198]},
						{"origin": [-1, 4, -32], "size": [1, 2, 1], "pivot": [0, 8, -31.5], "rotation": [0, 0, 45], "uv": [86, 198]},
						{"origin": [-4, -11, 6], "size": [2, 9, 3], "pivot": [0, 8, 6.5], "rotation": [0, 0, -45], "uv": [186, 225]},
						{"origin": [0, -11, 6], "size": [2, 9, 3], "pivot": [0, 8, 6.5], "rotation": [0, 0, -45], "uv": [196, 225]}
					]
				}
			]
		}
	]
}