{
	"format_version": "1.12.0",
	"minecraft:geometry": [
		{
			"description": {
				"identifier": "geometry.space_suit_chestplate",
				"texture_width": 128,
				"texture_height": 128,
				"visible_bounds_width": 3,
				"visible_bounds_height": 3.5,
				"visible_bounds_offset": [0, 1.25, 0]
			},
			"bones": [
				{
					"name": "LeftArm",
					"pivot": [5, 22, 0],
					"cubes": [
						{"origin": [4, 12, -2], "size": [4, 12, 4], "inflate": 1, "uv": [40, 34]},
						{"origin": [4, 12, -2], "size": [4, 12, 4], "inflate": 0.5, "uv": [48, 50]}
					]
				},
				{
					"name": "RightArm",
					"pivot": [-5, 22, 0],
					"cubes": [
						{"origin": [-8, 12, -2], "size": [4, 12, 4], "inflate": 1, "uv": [24, 34]},
						{"origin": [-8, 12, -2], "size": [4, 12, 4], "inflate": 0.5, "uv": [32, 50]}
					]
				},
				{
					"name": "Body",
					"parent": "RightArm",
					"pivot": [0, 24, 0],
					"cubes": [
						{"origin": [-4, 12, -2], "size": [8, 12, 4], "inflate": 1.01, "uv": [0, 32]},
						{"origin": [-6, 10, -4], "size": [5, 4, 5], "uv": [64, 45]},
						{"origin": [-4, 12, -2], "size": [8, 12, 4], "inflate": 0.51, "uv": [32, 0]}
					]
				},
				{
					"name": "bone",
					"parent": "Body",
					"pivot": [-2, 18, 4],
					"cubes": [
						{"origin": [-5, 13, 3], "size": [5, 10, 3], "uv": [56, 32]},
						{"origin": [1, 24, 4], "size": [3, 1, 3], "inflate": 0.02, "uv": [16, 66]},
						{"origin": [-4, 23, 6], "size": [8, 4, 0], "pivot": [3, 25.5, 6], "rotation": [0, -12.5, 0], "uv": [64, 54]},
						{"origin": [0, 11, 3], "size": [5, 13, 5], "uv": [32, 16]},
						{"origin": [-4, 7, 6], "size": [8, 6, 0], "pivot": [3.5, 11, 6], "rotation": [0, -12.5, 0], "uv": [0, 64]}
					]
				}
			]
		}
	]
}