{
	"format_version": "1.12.0",
	"minecraft:geometry": [
		{
			"description": {
				"identifier": "geometry.space_suit_boots",
				"texture_width": 128,
				"texture_height": 128,
				"visible_bounds_width": 2,
				"visible_bounds_height": 2.5,
				"visible_bounds_offset": [0, 0.75, 0]
			},
			"bones": [
				{
					"name": "LeftLeg",
					"pivot": [1.9, 12, 0],
					"cubes": [
						{"origin": [-0.1, 0, -2], "size": [4, 12, 4], "inflate": 1, "uv": [16, 50]},
						{"origin": [-0.1, 0, -2], "size": [4, 12, 4], "inflate": 0.5, "uv": [56, 0]}
					]
				},
				{
					"name": "RightLeg",
					"pivot": [-1.9, 12, 0],
					"cubes": [
						{"origin": [-3.9, 0, -2], "size": [4, 12, 4], "inflate": 1, "uv": [0, 48]},
						{"origin": [-3.9, 0, -2], "size": [4, 12, 4], "inflate": 0.5, "uv": [52, 16]},
						{"origin": [-5.9, 0, -1.5], "size": [2, 7, 3], "uv": [64, 58]}
					]
				}
			]
		}
	]
}