{
	"format_version": "1.12.0",
	"minecraft:geometry": [
		{
			"description": {
				"identifier": "geometry.space_suit_leggings",
				"texture_width": 64,
				"texture_height": 32,
				"visible_bounds_width": 2,
				"visible_bounds_height": 3.5,
				"visible_bounds_offset": [0, 1.25, 0]
			},
			"bones": [
				{
					"name": "Body",
					"pivot": [0, 24, 0],
					"cubes": [
						{"origin": [-4, 12, -2], "size": [8, 12, 4], "inflate": 0.52, "uv": [16, 16]}
					]
				},
				{
					"name": "RightLeg",
					"pivot": [-1.9, 12, 0],
					"cubes": [
						{"origin": [-3.9, 0, -2], "size": [4, 12, 4], "inflate": 0.45, "uv": [0, 16]}
					]
				},
				{
					"name": "LeftLeg",
					"pivot": [1.9, 12, 0],
					"cubes": [
						{"origin": [-0.1, 0, -2], "size": [4, 12, 4], "inflate": 0.45, "uv": [0, 16], "mirror": true}
					]
				}
			]
		}
	]
}