{
    "format_version": "1.10.0",
    "particle_effect": {
      "description": {
        "identifier": "hog:fire_launch_spread",
        "basic_render_parameters": {
          "material": "particles_opaque",
          "texture": "textures/particle/particles"
        }
      },
      "components": {
        "minecraft:emitter_rate_steady": {
          "spawn_rate": 520,
          "max_particles": 48
        },
        "minecraft:emitter_lifetime_once": {
          "active_time": 0.15
        },
        
        "minecraft:emitter_shape_point": {
          "offset": [ 0.0, "Math.random(-0.9, -0.5)", 0.0 ],
          "direction": [ "Math.random(-0.75, 0.75)", "Math.random(-1.0, 0.0)", "Math.random(-0.75, 0.75)" ]
        },
        "minecraft:particle_motion_dynamic": {
          "linear_acceleration": [ "(v.particle_random_2 - 0.5) * 100",-10, "(v.particle_random_3 - 0.5) * 100" ],
          "linear_drag_coefficient": 5.25
        },
        "minecraft:particle_initial_speed": "Math.random(10,20);",
  
        "minecraft:particle_lifetime_expression": {
          "max_lifetime": "Math.random(0.5,3)"
        },
  
        "minecraft:particle_motion_collision": {
          "enabled": 0,
          "expire_on_contact": false,
          "collision_drag": 1.0,
          "coefficient_of_restitution": 1.0,
          "collision_radius": 0.01
        },

        "minecraft:particle_appearance_billboard": {
          "size": [
            "0.10 + variable.particle_random_1*0.05",
            "0.10 + variable.particle_random_1*0.05"
          ],
          "facing_camera_mode": "lookat_xyz",
          "uv": {
            "texture_width": 128,
            "texture_height": 128,
            "uv": [ 0, 24 ],
            "uv_size": [ 8, 8 ]
          }
        }
      }
    }
}  