{
    "format_version": "1.10.0",
    "particle_effect": {
      "description": {
        "identifier": "hog:fire_smoke",
        "basic_render_parameters": {
          "material": "particles_opaque",
          "texture": "textures/particle/particles"
        }
      },
      "components": {
        "minecraft:emitter_rate_instant": {
          "num_particles": 1
        },
        "minecraft:emitter_rate_manual": {
          "max_particles": 1
        },
        "minecraft:emitter_lifetime_once": {
          "active_time": 1
        },
        
        "minecraft:emitter_shape_point": {
          "offset": [ 0.0, "Math.random(-0.9, -0.5)", 0.0 ],
          "direction": [ "Math.random(-2.5, 2.5)", "Math.random(-1.0, 0.0)", "Math.random(-2.5, 2.5)" ]
        },
        "minecraft:particle_motion_dynamic": {
          "linear_acceleration": [ "(v.particle_random_2-0.5)*4",-1, "(v.particle_random_3-0.5)*4" ],
          "linear_drag_coefficient": 5.25
        },
        "minecraft:particle_initial_speed": "Math.random(10,20);",
  
        "minecraft:particle_lifetime_expression": {
          "max_lifetime": "Math.random(25,100)"
        },
        "minecraft:particle_initialization": {
          "per_render_expression": "variable.size = 0.25 + v.particle_random_1*0.05 - (variable.particle_age / variable.particle_lifetime)/5;"
        },
  
        "minecraft:particle_motion_collision": {
          "enabled": 0,
          "expire_on_contact": false,
          "collision_drag": 1.0,
          "coefficient_of_restitution": 1.0,
          "collision_radius": 0.01
        },
        "minecraft:particle_appearance_tinting": {
          "color": {
            "gradient": [
              [
                0.149,
                0.149,
                0.149,
                1.0
              ],
              [
                0.6117,
                0.6117,
                0.6117,
                1.0
              ]
            ],
            "interpolant": "(variable.particle_age/variable.particle_lifetime)*10"
          }
        },

        "minecraft:particle_appearance_billboard": {
          "size": ["variable.size","variable.size"],
          "facing_camera_mode": "lookat_xyz",
          "uv": {
            "texture_width": 128,
            "texture_height": 128,
            "flipbook": {
              "base_UV": [ 56, 0 ],
              "size_UV": [ 8, 8 ],
              "step_UV": [ -8, 0 ],
              "frames_per_second": 8,
              "max_frame": 8,
              "stretch_to_lifetime": true,
              "loop": false
            }
          }
        }
      }
    }
}  