{
    "format_version": "1.10.0",
    "particle_effect": {
      "description": {
        "identifier": "hog:fog_surface",
        "basic_render_parameters": {
          "material": "particles_blend",
          "texture": "textures/particles/circle"
        }
      },
      "components": {
        "minecraft:emitter_rate_instant": {
          "num_particles": "v.particle_count"
        },
  
        "minecraft:emitter_lifetime_once": {},
  
        "minecraft:emitter_shape_sphere": {
          "radius": "v.distance",
          "direction": "inwards",
          "surface_only": true
        },
        "minecraft:particle_initial_speed": "Math.random(-1,1);",
  
        "minecraft:particle_lifetime_expression": {
          "max_lifetime": 1
        },
  
        "minecraft:particle_motion_dynamic": {
          "linear_drag_coefficient": 0.01
        },
  
        "minecraft:particle_motion_collision": {
          "enabled": 0,
          "expire_on_contact": false,
          "collision_drag": 1.0,
          "coefficient_of_restitution": 1.0,
          "collision_radius": 0.01
        },

        "minecraft:particle_appearance_billboard": {
          "size": ["v.particle_random_1 * 10 + 0.5", "v.particle_random_1 * 10 + 0.5"],
          "facing_camera_mode": "lookat_xyz",
          "uv": {
            "texture_height": 512,
            "texture_width": 512,
            "uv": [0,0],
            "uv_size": [512,512]
          }
        },
        "minecraft:particle_appearance_tinting": {
          "color": ["v.col.r","v.col.g","v.col.b","v.col.a"]
        }
      }
    }
}  