{
	"format_version": "1.10.0",
	"particle_effect": {
		"description": {
			"identifier": "hog:footprint",
			"basic_render_parameters": {
				"material": "particles_blend",
				"texture": "textures/particles/footprint"
			}
		},
		"components": {
			"minecraft:emitter_rate_instant": {
				"num_particles": 1
			},
			"minecraft:emitter_lifetime_once": {
				"active_time": 4000
			},
			"minecraft:emitter_shape_point": {
				"offset": [0.0, 1, 0.0],
				"direction": [0, 90, 0]
			},
			"minecraft:particle_lifetime_expression": {
				"max_lifetime": 60
			},
			"minecraft:particle_appearance_billboard": {
				"size": [0.25, 0.25],
        "facing_camera_mode": "direction_z",
        "direction": {
          "mode": "custom",
          "custom_direction": [0.0, -1, 0]
        },
				"uv": {
					"texture_width": 8,
					"texture_height": 8,
					"uv": [0, 0],
					"uv_size": [8, 8]
				}
			},
			"minecraft:particle_appearance_tinting": {
				"color": [1, 1, 1, "0.2 - (variable.particle_age / variable.particle_lifetime)/5"]
			},
      "minecraft:particle_appearance_lighting": {}
		}
	}
}
