{
    "format_version": "1.10.0",
    "particle_effect": {
      "description": {
        "identifier": "hog:orb_emitter_shine",
        "basic_render_parameters": {
          "material": "particles_blend",
          "texture": "textures/particles/orb_shiny"
        }
      },
      "components": {
        "minecraft:emitter_rate_instant": {
          "num_particles": 1
        },
  
        "minecraft:emitter_lifetime_once": {},
  
        "minecraft:emitter_shape_sphere": {
          "radius": 350,
          "direction": "outwards",
          "surface_only": true
        },
        "minecraft:particle_initial_speed": "Math.random(0.1,10);",
  
        "minecraft:particle_lifetime_expression": {
          "max_lifetime": 2000
        },
  
        "minecraft:particle_motion_dynamic": {
          "linear_drag_coefficient": 0.01
        },
  
        "minecraft:particle_motion_collision": {
          "enabled": 0,
          "expire_on_contact": false,
          "collision_drag": 1.0,
          "coefficient_of_restitution": 1.0,
          "collision_radius": 0.01
        },

        "minecraft:particle_appearance_billboard": {
          "size": ["v.particle_random_1 * 0.5 + Math.abs(Math.sin(v.particle_age*25)*1)", "v.particle_random_1 * 0.5 + Math.abs(Math.sin(v.particle_age*25)*1)"],
          "facing_camera_mode": "lookat_xyz",
          "uv": {
            "texture_width": 32,
            "texture_height": 32,
            "uv": [0,0],
            "uv_size": [32,32]
          }
        }
      }
    }
}  