{
    "format_version": "1.10.0",
    "particle_effect": {
      "description": {
        "identifier": "hog:orb_emitter",
        "basic_render_parameters": {
          "material": "particles_antifog",
          "texture": "textures/particles/orb"
        }
      },
      "components": {
        "minecraft:emitter_rate_instant": {
          "num_particles": 200
        },
  
        "minecraft:emitter_lifetime_once": {},
  
        "minecraft:emitter_shape_sphere": {
          "radius": 2000,
          "direction": "outwards",
          "surface_only": true,
          "offset": ["v.offset.x","v.offset.y","v.offset.z"]
        },
        "minecraft:particle_initial_speed": "Math.random(0.1,10);",
  
        "minecraft:particle_lifetime_expression": {
          "max_lifetime": 200
        },
  
        "minecraft:particle_motion_dynamic": {
          "linear_drag_coefficient": 0.01
        },
  
        "minecraft:particle_motion_collision": {
          "enabled": 0,
          "expire_on_contact": false,
          "collision_drag": 1.0,
          "coefficient_of_restitution": 1.0,
          "collision_radius": 0.01
        },

        "minecraft:particle_appearance_billboard": {
          "size": ["v.particle_random_1 * 10 + 0.5", "v.particle_random_1 * 10 + 0.5"],
          "facing_camera_mode": "lookat_xyz",
          "uv": {
            "texture_width": 24,
            "texture_height": 8,
            "flipbook": {
              "base_UV": [ 0, 0 ],
              "size_UV": [ 8, 8 ],
              "step_UV": [ 8, 0 ],
              "frames_per_second": 0.4,
              "max_frame": 2,
              "stretch_to_lifetime": false,
              "loop": true
            }
          }
        }
      }
    }
}  