{
  "format_version": "1.10.0",
  "particle_effect": {
    "description": {
      "identifier": "hog:planet_plane_opaque",
      "basic_render_parameters": {
        "material": "particles_opaque",
        "texture": "textures/particles/circle"
      }
    },
    "components": {
      "minecraft:emitter_rate_instant": {
        "num_particles": 1
      },
      "minecraft:emitter_lifetime_once": {},
      "minecraft:emitter_shape_custom": {
        "direction": [ 0,0,0],
        "offset": ["v.offset.x","v.offset.y","v.offset.z"]
      },

      "minecraft:particle_initial_speed": 0,
      "minecraft:particle_motion_dynamic": {
        "linear_drag_coefficient": 0.0
      },

      "minecraft:particle_lifetime_expression": {
        "max_lifetime": "v.life"
      },

      "minecraft:particle_appearance_billboard": {
        "size": ["v.size","v.size"],
        "uv": {
          "texture_height": 512,
          "texture_width": 512,
          "uv": [0,0],
          "uv_size": [512,512]
        },
        "facing_camera_mode": "lookat_xyz"
      },
      "minecraft:particle_appearance_tinting": {
        "color": [1,1,1,0]
      }
    }
  }
}