{
    "format_version": "1.10.0",
    "particle_effect": {
      "description": {
        "identifier": "hog:red_dust",
        "basic_render_parameters": {
          "material": "particles_alpha",
        "texture": "textures/particle/particles"
        }
      },
      "components": {
        "minecraft:emitter_shape_custom": {
          "offset": [ "Math.random(-15.0, 15.0)", "Math.random(0.0, 15.0)", "Math.random(-15.0, 15.0)" ],
          "direction": [ "Math.random(-1.0, 1.0)", "Math.random(-0.4, 0.2)", "Math.random(-1.0, 1.0)"]
        },
        "minecraft:emitter_lifetime_once": {},
        "minecraft:emitter_rate_instant": {
          "num_particles": 1
        },
        "minecraft:emitter_lifetime_expression": {
          "activation_expression": 1,
          "expiration_expression": 0
        },
        "minecraft:particle_initial_speed": "Math.random(2.0, 3.0)",
        "minecraft:particle_motion_dynamic": {
          "linear_acceleration": [ 0, -0.005, 0 ]
        },

        "minecraft:particle_appearance_billboard": {
          "size": [ 0.375, 0.375 ],
          "facing_camera_mode": "lookat_xyz",
  
          "uv": {
            "texture_width": 128,
            "texture_height": 128,
            "flipbook": {
              "base_UV": [ 56, 0 ],
              "size_UV": [ 8, 8 ],
              "step_UV": [ -8, 0 ],
              "frames_per_second": 4,
              "max_frame": 8,
              "stretch_to_lifetime": false
            }
          }
        },
        "minecraft:particle_appearance_tinting": {
          "color": [0.22745098039,0.03137254901,0.04705882352,0.1]
        },
        "minecraft:particle_appearance_lighting": {}
      }
    }
}  