{
    "format_version": "1.10.0",
    "particle_effect": {
      "description": {
        "identifier": "hog:snow_emitter",
        "basic_render_parameters": {
            "material": "particles_alpha",
            "texture": "textures/particle/particles"
        }
      },
      "components": {
        "minecraft:emitter_rate_instant": {
          "num_particles": 5
        },
    
        "minecraft:emitter_lifetime_once": {},
  
        "minecraft:emitter_shape_point": {
          "offset": ["variable.size = Math.random(0.1,0.4); return Math.random(-10,10);","Math.random(-10,10)","Math.random(-10,10)"],
          "direction": [
            "Math.random(-1,1)",
            "Math.random(-1,1)",
            "Math.random(-1,1)"
          ]
        },
        "minecraft:particle_initial_speed": "Math.random(0,3)",
  
        "minecraft:particle_motion_dynamic": {
          "linear_acceleration": [ 0, "0.1*(1-v.particle_age/v.particle_lifetime)", "Math.pow(0.9,(v.particle_age/v.particle_lifetime))" ]
        },
  
        "minecraft:particle_lifetime_expression": {
          "max_lifetime": "Math.random(10, 15)"
        },
  
        "minecraft:particle_motion_collision": {
          "enabled": 1,
          "expire_on_contact": true,
          "collision_drag": 1.0,
          "coefficient_of_restitution": 1.0,
          "collision_radius": 0.01
        },
        "minecraft:particle_appearance_billboard": {
            "size": ["variable.size*(1-v.particle_age/v.particle_lifetime)", "variable.size*(1-v.particle_age/v.particle_lifetime)"],
          "facing_camera_mode": "lookat_xyz",
          "uv": {
            "texture_width": 4,
            "texture_height": 4,
            "uv": [ "1.25 - (Math.floor(5 * variable.particle_age / variable.particle_lifetime) / 4)", 0 ],
            "uv_size": [ 0.25, 0.25 ]
          }
        },
        "minecraft:particle_appearance_tinting": {
          "color": "#dfe5ed"
        },
        "minecraft:particle_appearance_lighting": {}
      }
    }
  }