{
    "format_version": "1.10.0",
    "minecraft:attachable": {
      "description": {
        "identifier": "hog:space_chestplate.player",
        "item": { "hog:space_chestplate": "query.is_owner_identifier_any('minecraft:player')" },
        "materials": {
          "default": "armor",
          "enchanted": "armor_enchanted"
        },
        "textures": {
          "default": "textures/models/armor/space_suit_main",
          "enchanted": "textures/misc/enchanted_actor_glint"
        },
        "geometry": {
          "default": "geometry.space_suit_chestplate"
        },
        "scripts": {
          "parent_setup": "variable.chest_layer_visible = 0.0;",
          "animate": [
            "offset"
          ]
        },
        "animations": {
          "offset": "animation.armor.chestplate.offset"
        },
        "render_controllers": [ "controller.render.armor" ]
      }
    }
  }
  