{
    "format_version": "1.21.50",
    "minecraft:block": {
        "description": {
            "identifier": "hog:martian_cobblestone",
            "menu_category": {
                "category": "construction"
            }
        },
        "components": {
            "minecraft:destructible_by_explosion": {
                "explosion_resistance": 5
            },
            "minecraft:destructible_by_mining": {
                "seconds_to_destroy": 4.5,
                "item_specific_speeds": [
                    {
                      "item": {
                        "tags": "q.all_tags('minecraft:is_pickaxe','minecraft:wooden_tier')"
                      },
                      "destroy_speed": 0.9
                    },
                    {
                      "item": {
                        "tags": "q.all_tags('minecraft:is_pickaxe','minecraft:stone_tier')"
                      },
                      "destroy_speed": 0.65
                    },
                    {
                      "item": {
                        "tags": "q.all_tags('minecraft:is_pickaxe','minecraft:iron_tier')"
                      },
                      "destroy_speed": 0.4
                    },
                    {
                      "item": {
                        "tags": "q.all_tags('minecraft:is_pickaxe','minecraft:diamond_tier')"
                      },
                      "destroy_speed": 0.3
                    },
                    {
                      "item": {
                        "tags": "q.all_tags('minecraft:is_pickaxe','minecraft:netherite_tier')"
                      },
                      "destroy_speed": 0.3
                    },
                    {
                      "item": {
                        "tags": "q.all_tags('minecraft:is_pickaxe','minecraft:golden_tier')"
                      },
                      "destroy_speed": 0.2
                    }
                ]
            },
            "minecraft:loot": "loot_tables/blocks/martian_stone.json",
			"minecraft:geometry": "minecraft:geometry.full_block",
            "minecraft:material_instances": {
                "*": {
                    "texture": "martian_cobblestone",
                    "render_method": "opaque"
                }
            }
        }
    }
}