{
	"pools": [
		{
			"rolls": 1,
			"entries": [
				{
				  "type": "item",
				  "name": "hog:bubbles_pottery_sherd",
				  "weight": 1
				},
				{
				  "type": "item",
				  "name": "hog:invader_pottery_sherd",
				  "weight": 1
				},
				{
				  "type": "item",
				  "name": "hog:piggy_pottery_sherd",
				  "weight": 1
				},
				{
				  "type": "item",
				  "name": "hog:planet_pottery_sherd",
				  "weight": 1
				},
				{
				  "type": "item",
				  "name": "hog:rebel_pottery_sherd",
				  "weight": 1
				},
				{
				  "type": "item",
				  "name": "hog:trekking_pottery_sherd",
				  "weight": 1
				},
				{
				  "type": "item",
				  "name": "hog:aluminium_block",
				  "weight": 3
				},
				{
				  "type": "item",
				  "name": "minecraft:skeleton_skull",
				  "weight": 3
				},
				{
				  "type": "item",
				  "name": "hog:rat_plush",
				  "weight": 1
				}
			]
		}
	]
}