{
    "format_version": [
      1,
      1,
      0
    ],
    "hog:martian_sand": { "sound": "sand" },
    "hog:asteroid_sand": { "sound": "sand" },
    "hog:martian_stone": { "sound": "stone" },
    "hog:asteroid_stone": { "sound": "stone" },
    "hog:titanium_ore": { "sound": "stone" },
    "hog:titanium_bricks": { "sound": "metal" },
    "hog:polished_martian_stone": { "sound": "stone" },
    "hog:asteroid_cobblestone": { "sound": "stone" },
    "hog:polished_asteroid_stone": { "sound": "stone" },
    "hog:aluminium_plating": { "sound": "metal" },
    "hog:martian_gold_ore": { "sound": "stone" },
    "hog:martian_iron_ore": { "sound": "stone" },
    "hog:deepslate_titanium_ore": { "sound": "stone" },
    "hog:deepslate_aluminium_ore": { "sound": "stone" },
    "hog:asteroid_titanium_ore": { "sound": "stone" },
    "hog:asteroid_iron_ore": { "sound": "stone" },
    "hog:asteroid_gold_ore": { "sound": "stone" },
    "hog:asteroid_aluminium_ore": { "sound": "stone" },
    "hog:aluminium_ore": { "sound": "stone" },
    "hog:rat_plush": { "sound": "cloth" },
    "hog:titanium_block": { "sound": "metal" },
    "hog:steel_block": { "sound": "metal" },
    "hog:martian_cobblestone": { "sound": "stone" },
    "hog:aluminium_block": { "sound": "metal" },
    "hog:cyan_flag": { "sound": "cloth" },
    "hog:light_gray_flag": { "sound": "cloth" },
    "hog:llama_flag": { "sound": "cloth" },
    "hog:space_kitty_flag": { "sound": "cloth" },
    "hog:super_overworld_flag": { "sound": "cloth" },
    "hog:yellow_flag": { "sound": "cloth" },
    "hog:white_flag": { "sound": "cloth" },
    "hog:technoblade_flag": { "sound": "cloth" },
    "hog:sus_flag": { "sound": "cloth" },
    "hog:space_knight_flag": { "sound": "cloth" },
    "hog:space_hog_flag": { "sound": "cloth" },
    "hog:lime_flag": { "sound": "cloth" },
    "hog:red_flag": { "sound": "cloth" },
    "hog:purple_flag": { "sound": "cloth" },
    "hog:blue_flag": { "sound": "cloth" },
    "hog:pink_flag": { "sound": "cloth" },
    "hog:orange_flag": { "sound": "cloth" },
    "hog:nether_divers_flag": { "sound": "cloth" },
    "hog:magenta_flag": { "sound": "cloth" },
    "hog:light_blue_flag": { "sound": "cloth" },
    "hog:green_flag": { "sound": "cloth" },
    "hog:gray_flag": { "sound": "cloth" },
    "hog:earth_flag": { "sound": "cloth" },
    "hog:brown_flag": { "sound": "cloth" },
    "hog:black_flag": { "sound": "cloth" },
    "hog:flag_pole": { "sound": "lantern" }
}