{
    "format_version": "1.21.50",
    "minecraft:block": {
        "description": {
            "identifier": "hog:rat_plush",
            "menu_category": {
                "category": "items"
            },
            "traits": {
              "minecraft:placement_direction": {
                "enabled_states": ["minecraft:cardinal_direction"]
              }
            }
        },
        "permutations": [
            {
                "condition": "q.block_state('minecraft:cardinal_direction') == 'north'",
                "components": {
                    "minecraft:transformation": {
                        "rotation": [0,180,0]
                    }
                }
            },
            {
                "condition": "q.block_state('minecraft:cardinal_direction') == 'east'",
                "components": {
                    "minecraft:transformation": {
                        "rotation": [0,90,0]
                    }
                }
            },
            {
                "condition": "q.block_state('minecraft:cardinal_direction') == 'west'",
                "components": {
                    "minecraft:transformation": {
                        "rotation": [0,-90,0]
                    }
                }
            }
        ],
        "components": {
            "minecraft:destructible_by_explosion": {
                "explosion_resistance": 25
            },
            "minecraft:destructible_by_mining": {
                "seconds_to_destroy": 1
            },
            "minecraft:custom_components": [
                "hog:boop"
            ],
            "minecraft:geometry": "geometry.rat_plush",
            "minecraft:material_instances": {
                "*": {
                    "texture": "rat_plush",
                    "render_method": "alpha_test"
                }
            },
            "minecraft:collision_box": {
                "origin": [-8,0,-8],
                "size": [16,8,16]
            },
            "minecraft:selection_box": {
                "origin": [-8,0,-8],
                "size": [16,8,16]
            },
            "minecraft:item_visual": {
                "geometry": "geometry.rat_plush_item",
                "material_instances": {
                    "*": {
                        "texture": "rat_plush",
                        "render_method": "alpha_test"
                    }
                }
            }
        }
    }
}