{
    "format_version": "1.16.100",
    "minecraft:entity": {
        "description": {
            "identifier": "hog:airlock_door_entity",
            "is_summonable": true,
            "is_spawnable": false,
            "is_experimental": false
        },
        "component_groups": {
          "hog:despawn": {
            "minecraft:instant_despawn": {}
          }
        },
        "components": {
            "minecraft:type_family": {
              "family": [ "door", "inanimate" ]
            },
            "minecraft:knockback_resistance": {
              "value": 1
            },
            "minecraft:damage_sensor": {
              "triggers": {
                "cause": "all",
                "deals_damage": false
              }
            },
            "minecraft:physics": {
              "has_gravity": false
            },
            "minecraft:pushable": {
              "is_pushable": false,
              "is_pushable_by_piston": false
            },
            "minecraft:collision_box": {
              "width": 0,
              "height": 0
            }
        },
        "events": {
          "hog:despawn": {
            "add": {
              "component_groups": ["hog:despawn"]
            }
          }
        }
    }
}