{
    "format_version": "1.16.100",
    "minecraft:entity": {
        "description": {
            "identifier": "hog:space_station",
            "is_summonable": true,
            "is_spawnable": false,
            "is_experimental": false
        },
        "components": {
            "minecraft:type_family": {
              "family": [ "space_station", "inanimate" ]
            },
            "minecraft:knockback_resistance": {
              "value": 1
            },
            "minecraft:damage_sensor": {
              "triggers": {
                          "cause": "all",
                "deals_damage": false
              }
            },
            "minecraft:physics": {
              "has_gravity": false
            },
            "minecraft:pushable": {
              "is_pushable": false,
              "is_pushable_by_piston": false
            },
            "minecraft:collision_box": {
              "width": 1,
              "height": 1
            }
        }
    }
}