{
	"pools": [
		{
			"conditions": [
				{
					"condition": "match_tool",
					"item": "minecraft:iron_pickaxe",
					"count": 1,
					"durability": {
						"range_min": 1
					}
				}
			],
			"rolls": 1,
			"entries": [
				{
				  "type": "item",
				  "name": "hog:raw_aluminium",
				  "weight": 1
				}
			]
		},
		{
			"conditions": [
				{
					"condition": "match_tool",
					"item": "minecraft:diamond_pickaxe",
					"count": 1,
					"durability": {
						"range_min": 1
					}
				}
			],
			"rolls": 1,
			"entries": [
				{
				  "type": "item",
				  "name": "hog:raw_aluminium",
				  "weight": 1
				}
			]
		},
		{
			"conditions": [
				{
					"condition": "match_tool",
					"item": "minecraft:netherite_pickaxe",
					"count": 1,
					"durability": {
						"range_min": 1
					}
				}
			],
			"rolls": 1,
			"entries": [
				{
				  "type": "item",
				  "name": "hog:raw_aluminium",
				  "weight": 1
				}
			]
		}
	]
}