{
    "format_version": "1.21.50",
    "minecraft:block": {
        "description": {
            "identifier": "hog:asteroid_gold_ore",
            "menu_category": {
                "category": "nature",
                "group": "itemGroup.name.ore"
            }
        },
        "components": {
            "minecraft:destructible_by_explosion": {
                "explosion_resistance": 5
            },
            "minecraft:destructible_by_mining": {
                "seconds_to_destroy": 22.5,
                "item_specific_speeds": [
                    {
                      "item": {
                        "tags": "q.all_tags('minecraft:is_pickaxe','minecraft:wooden_tier')"
                      },
                      "destroy_speed": 11.25
                    },
                    {
                      "item": {
                        "tags": "q.all_tags('minecraft:is_pickaxe','minecraft:stone_tier')"
                      },
                      "destroy_speed": 1.7
                    },
                    {
                      "item": {
                        "tags": "q.all_tags('minecraft:is_pickaxe','minecraft:iron_tier')"
                      },
                      "destroy_speed": 1.15
                    },
                    {
                      "item": {
                        "tags": "q.all_tags('minecraft:is_pickaxe','minecraft:diamond_tier')"
                      },
                      "destroy_speed": 0.85
                    },
                    {
                      "item": {
                        "tags": "q.all_tags('minecraft:is_pickaxe','minecraft:netherite_tier')"
                      },
                      "destroy_speed": 0.75
                    },
                    {
                      "item": {
                        "tags": "q.all_tags('minecraft:is_pickaxe','minecraft:golden_tier')"
                      },
                      "destroy_speed": 1.9
                    }
                ]
            },
            "minecraft:loot": "loot_tables/blocks/space_gold_ore.json",
			"minecraft:geometry": "minecraft:geometry.full_block",
            "minecraft:material_instances": {
                "*": {
                    "texture": "gray_martian_gold_ore",
                    "render_method": "opaque"
                }
            }
        }
    }
}