{
    "resource_pack_name" : "vanilla",
    "texture_name" : "atlas.items",
    "texture_data" : {
        "aluminium_ingot": {"textures": "textures/items/aluminium_ingot" },
        "raw_aluminium": {"textures": "textures/items/raw_aluminum" },
        "raw_titanium": {"textures": "textures/items/raw_titanium" },
        "steel_ingot": {"textures": "textures/items/steel_ingot" },
        "titanium_ingot": {"textures": "textures/items/titanium_ingot" },
        "rocket": {"textures": "textures/items/rocket_item" },

        // Pottery Sherds
        "piggy_pottery_sherd": {"textures": "textures/items/piggy_pottery_sherd" },
        "invader_pottery_sherd": {"textures": "textures/items/invader_pottery_sherd" },
        "trekking_pottery_sherd": {"textures": "textures/items/trekking_pottery_sherd" },
        "rebel_pottery_sherd": {"textures": "textures/items/rebel_pottery_sherd" },

        "bubbles_pottery_sherd": {"textures": "textures/items/bubbles_pottery_sherd" },
        "planet_pottery_sherd": {"textures": "textures/items/planet_pottery_sherd" },

        // Armor
        "space_helmet": {"textures": "textures/items/space_helmet" },
        "space_chestplate": {"textures": "textures/items/space_suit" },
        "space_leggings": {"textures": "textures/items/space_leggings" },
        "space_boots": {"textures": "textures/items/space_boots" }
        
    }
}