{
    "resource_pack_name": "vanilla",
    "texture_name": "atlas.terrain",
    "padding": 8,
    "num_mip_levels": 0,
    "texture_data": {
        "deepslate_aluminium_ore_side": {"textures": "textures/blocks/deepslate_aluminium_ore_side" },
        "deepslate_aluminium_ore_top": {"textures": "textures/blocks/deepslate_aluminium_ore_top" },
        "deepslate_titanium_ore_side": {"textures": "textures/blocks/deepslate_titanium_ore_side" },
        "deepslate_titanium_ore_top": {"textures": "textures/blocks/deepslate_titanium_ore_top" },
        "gray_aluminium_ore": {"textures": "textures/blocks/gray_aluminium_ore" },
        "gray_titanium_ore": {"textures": "textures/blocks/gray_titanium_ore" },
        "gray_martian_sand": {"textures": "textures/blocks/gray_martian_sand" },
        "gray_martian_stone": {"textures": "textures/blocks/gray_martian_stone" },
        "gray_martian_cobblestone": {"textures": "textures/blocks/gray_martian_cobblestone" },
        "martian_sand": {"textures": "textures/blocks/martian_sand" },
        "martian_stone": {"textures": "textures/blocks/martian_stone" },
        "martian_cobblestone": {"textures": "textures/blocks/martian_cobblestone" },
        "red_martian_stone_aluminium_ore": {"textures": "textures/blocks/red_martian_stone_aluminium_ore" },
        "red_martian_stone_titanium_ore": {"textures": "textures/blocks/red_martian_stone_titanium_ore" },

        "aluminium_block": {"textures": "textures/blocks/aluminum_block" },
        "gray_martian_gold_ore": {"textures": "textures/blocks/gray_martian_gold_ore" },
        "gray_martian_iron_ore": {"textures": "textures/blocks/gray_martian_iron_ore" },
        "martian_gold_ore": {"textures": "textures/blocks/martian_gold_ore" },
        "martian_iron_ore": {"textures": "textures/blocks/martian_iron_ore" },
        "steel_block": {"textures": "textures/blocks/steel_block" },
        "titanium_block": {"textures": "textures/blocks/titanium_block" },
        "aluminium_ore": {"textures": "textures/blocks/aluminium_ore" },
        "titanium_ore": {"textures": "textures/blocks/titanium_ore" },

        "polished_gray_martian_stone": {"textures": "textures/blocks/polished_gray_martian_stone" },
        "polished_martian_stone": {"textures": "textures/blocks/polished_martian_stone" },
        "titanium_bricks": {"textures": "textures/blocks/titanium_bricks" },
        "aluminium_plating": {"textures": "textures/blocks/aluminum_plating" },

        // Flags
        "flag_pole": {"textures": "textures/flags/pole" },
        "black_flag": {"textures": "textures/flags/black_flag" },
        "blue_flag": {"textures": "textures/flags/blue_flag" },
        "brown_flag": {"textures": "textures/flags/brown_flag" },
        "cyan_flag": {"textures": "textures/flags/cyan_flag" },
        "gray_flag": {"textures": "textures/flags/gray_flag" },
        "green_flag": {"textures": "textures/flags/green_flag" },
        "light_blue_flag": {"textures": "textures/flags/light_blue_flag" },
        "light_gray_flag": {"textures": "textures/flags/light_gray_flag" },
        "lime_flag": {"textures": "textures/flags/lime_flag" },
        "magenta_flag": {"textures": "textures/flags/magenta_flag" },
        "nether_divers_flag": {"textures": "textures/flags/nether_divers_flag" },
        "orange_flag": {"textures": "textures/flags/orange_flag" },
        "piggy_king_flag": {"textures": "textures/flags/piggy_king_flag" },
        "pink_flag": {"textures": "textures/flags/pink_flag" },
        "purple_flag": {"textures": "textures/flags/purple_flag" },
        "red_flag": {"textures": "textures/flags/red_flag" },
        "space_hog": {"textures": "textures/flags/space_hog" },
        "space_kitty_flag": {"textures": "textures/flags/space_kitty_flag" },
        "space_knight_flag": {"textures": "textures/flags/space_knight_flag" },
        "super_overworld_flag": {"textures": "textures/flags/super_overworld_flag" },
        "white_flag": {"textures": "textures/flags/white_flag" },
        "yellow_flag": {"textures": "textures/flags/yellow_flag" },
        "earth_flag": {"textures": "textures/flags/earth_flag" },
        "llama_flag": {"textures": "textures/flags/llama_flag" },
        "sus_flag": {"textures": "textures/flags/sus_flag" },

        // Misc
        "rat_plush": {"textures": "textures/blocks/rat_plush" },
        "keypad": {"textures": "textures/blocks/keypad" }
        
    }
}