{
    "format_version": "1.20.10",
    "minecraft:recipe_shaped": {
      "description": {
      "identifier": "hog:rat_plush"
      },
  
      
      "tags": [ "crafting_table" ],
      "pattern": [
        "###",
        "WRW",
        "P#P"
      ],
      "key": {
        "#": {
          "item": "minecraft:black_wool"
        },
        "W": {
          "item": "minecraft:white_wool"
        },
        "R": {
          "item": "minecraft:red_wool"
        },
        "P": {
          "item": "minecraft:pink_wool"
        }
      },
      "unlock": [
        {
          "item": "minecraft:white_wool"
        }
      ],
      "result": {
        "item": "hog:rat_plush"
      }
    }
  }
  