{
  "format_version": "1.12",
  "minecraft:recipe_shaped": {
      "description": {
          "identifier": "hog:rocket"
      },

      "tags": [ "crafting_table" ],

      "pattern": [
          " # ",
          "#B#",
          "RER"
      ],
      "unlock": [
        {
          "item": "hog:titanium_ingot"
        }
      ],

      "key": {
          "#": {
              "item": "hog:titanium_block"
          },
          "B": {
              "item": "minecraft:blue_stained_glass"
          },
          "E": {
              "item": "minecraft:echo_shard"
          },
          "R": {
              "item": "minecraft:blaze_rod"
          }
      },

      "result": {
          "item": "hog:rocket"
      }
  }
}


