{
  "format_version": "1.12",
  "minecraft:recipe_shaped": {
      "description": {
          "identifier": "hog:space_chestplate"
      },

      "tags": [ "crafting_table" ],

      "pattern": [
          "# #",
          "#B#",
          "#I#"
      ],
      "unlock": [
        {
          "item": "hog:aluminium_ingot"
        }
      ],

      "key": {
          "#": {
              "item": "hog:aluminium_ingot"
          },
          "B": {
              "item": "minecraft:glass_bottle"
          },
          "I": {
              "item": "minecraft:iron_block"
          }
      },

      "result": {
          "item": "hog:space_chestplate"
      }
  }
}


