{
  "format_version": "1.12",
  "minecraft:recipe_shaped": {
      "description": {
          "identifier": "hog:space_leggings"
      },

      "tags": [ "crafting_table" ],

      "pattern": [
          "###",
          "# #",
          "# #"
      ],
      "unlock": [
        {
          "item": "hog:aluminium_ingot"
        }
      ],

      "key": {
          "#": {
              "item": "hog:aluminium_ingot"
          }
      },

      "result": {
          "item": "hog:space_leggings"
      }
  }
}


