{
  "format_version": "1.12",
  "minecraft:recipe_shaped": {
      "description": {
          "identifier": "hog:steel_ingot"
      },

      "tags": [ "crafting_table" ],

      "pattern": [
          "#"
      ],
      "unlock": [
        {
          "item": "hog:steel_block"
        }
      ],

      "key": {
          "#": {
              "item": "hog:steel_block"
          }
      },

      "result": {
          "item": "hog:steel_ingot",
          "count": 9
      }
  }
}


