{
  "format_version": "1.12",
  "minecraft:recipe_shaped": {
      "description": {
          "identifier": "hog:titanium_bricks"
      },

      "tags": [ "crafting_table" ],

      "pattern": [
          "##",
          "##"
      ],
      "unlock": [
        {
          "item": "hog:titanium_ingot"
        }
      ],

      "key": {
          "#": {
              "item": "hog:titanium_block"
          }
      },

      "result": {
          "item": "hog:titanium_bricks"
      }
  }
}


