{
    "format_version": "1.21.50",
    "minecraft:block": {
        "description": {
            "identifier": "hog:asteroid_cobblestone",
            "menu_category": {
                "category": "construction"
            }
        },
        "components": {
            "minecraft:destructible_by_explosion": {
                "explosion_resistance": 5
            },
            "minecraft:destructible_by_mining": {
                "seconds_to_destroy": 10,
                "item_specific_speeds": [
                    {
                      "item": {
                        "tags": "q.all_tags('minecraft:is_pickaxe','minecraft:wooden_tier')"
                      },
                      "destroy_speed": 1.5
                    },
                    {
                      "item": {
                        "tags": "q.all_tags('minecraft:is_pickaxe','minecraft:stone_tier')"
                      },
                      "destroy_speed": 0.95
                    },
                    {
                      "item": {
                        "tags": "q.all_tags('minecraft:is_pickaxe','minecraft:iron_tier')"
                      },
                      "destroy_speed": 0.6
                    },
                    {
                      "item": {
                        "tags": "q.all_tags('minecraft:is_pickaxe','minecraft:diamond_tier')"
                      },
                      "destroy_speed": 0.45
                    },
                    {
                      "item": {
                        "tags": "q.all_tags('minecraft:is_pickaxe','minecraft:netherite_tier')"
                      },
                      "destroy_speed": 0.3
                    },
                    {
                      "item": {
                        "tags": "q.all_tags('minecraft:is_pickaxe','minecraft:golden_tier')"
                      },
                      "destroy_speed": 0.25
                    }
                ]
            },
            "minecraft:loot": "loot_tables/blocks/asteroid_stone.json",
			      "minecraft:geometry": "minecraft:geometry.full_block",
            "minecraft:material_instances": {
                "*": {
                    "texture": "gray_martian_cobblestone",
                    "render_method": "opaque"
                }
            }
        }
    }
}