{
  "format_version": "1.12",
  "minecraft:recipe_shaped": {
      "description": {
          "identifier": "hog:nether_divers_flag"
      },

      "tags": [ "crafting_table" ],

      "pattern": [
          "#B#",
          "###",
          "F"
      ],
      "unlock": [
        {
          "item": "minecraft:black_wool"
        }
      ],

      "key": {
          "#": {
              "item": "minecraft:black_wool"
          },
          "F": {
              "item": "hog:flag_pole"
          },
          "B": {
              "item": "minecraft:skeleton_skull"
          }
      },

      "result": {
          "item": "hog:nether_divers_flag"
      }
  }
}