{
  "format_version": "1.12",
  "minecraft:recipe_shaped": {
      "description": {
          "identifier": "hog:pink_flag"
      },

      "tags": [ "crafting_table" ],

      "pattern": [
          "###",
          "###",
          "F"
      ],
      "unlock": [
        {
          "item": "minecraft:pink_wool"
        }
      ],

      "key": {
          "#": {
              "item": "minecraft:pink_wool"
          },
          "F": {
              "item": "hog:flag_pole"
          }
      },

      "result": {
          "item": "hog:pink_flag"
      }
  }
}