{
  "format_version": "1.12",
  "minecraft:recipe_shaped": {
      "description": {
          "identifier": "hog:space_kitty_flag"
      },

      "tags": [ "crafting_table" ],

      "pattern": [
          "#B#",
          "#R#",
          "F"
      ],
      "unlock": [
        {
          "item": "minecraft:magenta_wool"
        }
      ],

      "key": {
          "#": {
              "item": "minecraft:magenta_wool"
          },
          "F": {
              "item": "hog:flag_pole"
          },
          "B": {
              "item": "minecraft:string"
          },
          "R": {
              "item": "minecraft:cod"
          }
      },

      "result": {
          "item": "hog:space_kitty_flag"
      }
  }
}