{
    "format_version": "1.21.50",
    "minecraft:item": {
        "description": {
            "identifier": "hog:space_leggings",
			"menu_category": {
				"category": "equipment",
                "group": "itemGroup.name.leggings"
			}
        },
        "components": {
            "minecraft:icon": {
                "textures": {
                    "default": "space_leggings"
                }
            },
            "minecraft:wearable": {
                "slot": "slot.armor.legs",
                "protection": 5
            },
            "minecraft:enchantable": {
                "value": 15,
                "slot": "armor_legs"
            },
            "minecraft:max_stack_size": 1,
            "minecraft:durability": {
                "max_durability": 555
            }
        }
    }
}