{
    "format_version": "1.21.50",
    "minecraft:item": {
        "description": {
            "identifier": "hog:space_helmet",
			"menu_category": {
				"category": "equipment",
                "group": "itemGroup.name.helmet"
			}
        },
        "components": {
            "minecraft:icon": {
                "textures": {
                    "default": "space_helmet"
                }
            },
            "minecraft:wearable": {
                "slot": "slot.armor.head",
                "protection": 2
            },
            "minecraft:enchantable": {
                "value": 15,
                "slot": "armor_head"
            },
            "minecraft:max_stack_size": 1,
            "minecraft:durability": {
                "max_durability": 407
            }
        }
    }
}