{
    "format_version": "1.21.50",
    "minecraft:item": {
        "description": {
            "identifier": "hog:space_chestplate",
			"menu_category": {
				"category": "equipment",
                "group": "itemGroup.name.chestplate"
			}
        },
        "components": {
            "minecraft:icon": {
                "textures": {
                    "default": "space_chestplate"
                }
            },
            "minecraft:wearable": {
                "slot": "slot.armor.chest",
                "protection": 6
            },
            "minecraft:enchantable": {
                "value": 15,
                "slot": "armor_torso"
            },
            "minecraft:max_stack_size": 1,
            "minecraft:durability": {
                "max_durability": 592
            }
        }
    }
}