{
    "format_version": "1.13.0",
    "minecraft:feature_rules": {
      "description": {
        "identifier": "hog:overworld_underground_titanium_ore_feature",
        "places_feature": "hog:titanium_ore_feature"
      },
      "conditions": {
        "placement_pass": "underground_pass",
        "minecraft:biome_filter": [
          {
            "any_of": [
              {
                "test": "has_biome_tag",
                "operator": "==",
                "value": "overworld"
              },
              {
                "test": "has_biome_tag",
                "operator": "==",
                "value": "overworld_generation"
              }
            ]
          }
        ]
      },
      "distribution": {
        "iterations": 10,
        "coordinate_eval_order": "zyx",
        "x": {
          "distribution": "uniform",
          "extent": [ 0, 16 ]
        },
        "y": {
          "distribution": "triangle",
          "extent": [ -50, 0 ]
        },
        "z": {
          "distribution": "uniform",
          "extent": [ 0, 16 ]
        }
      }
    }
  }
  